Optimum Control ID,OC Description,SalesGroup,Combined Label,Red,Yellow,Green,GHG Emission (g),N lost (g),Land Use (m^2),Freshwater Withdrawals (L),Stress-Weighted Water Use (L),GHG Emission (g) / 100g,N lost (g) / 100g,Freshwater Withdrawals (L) / 100g,Stress-Weighted Water Use (L) / 100g,Land Use (m^2) / 100g
R-73669,DEL|smoothie| mango pineapple,GV - DELISH,Green,False,False,True,77.15135795454546,0.3750852272727273,0.1480619318181818,0.59,1.92,22.04,0.11,0.17,0.55,0.04
R-56613,DEL|Smoothie|Almonds forever,GV - DELISH,Yellow,False,True,False,324.6586903846154,1.122366346153846,0.6753392307692305,101.87,7213.85,94.72,0.33,29.72,2104.7,0.2
R-44306,DEL|Smoothie|Banana Matcha ,GV - DELISH,Green,False,False,True,284.9365655862922,1.5399478754492422,0.5548303390972219,71.85,4270.05,78.06,0.42,19.68,1169.88,0.15
R-43697,DEL|Smoothie|Blueberry Boost ,GV - DELISH,Red,True,False,False,1649.829015384615,6.896553846153847,1.263809230769206,281.74,11794.01,452.01,1.89,77.19,3231.24,0.35
R-46074,DEL|Smoothie|Bna Almnd Buta,GV - DELISH,Green,False,False,True,169.43259270270272,0.4884658783783784,0.5492655405405387,2.28,128.7,46.42,0.13,0.62,35.26,0.15
R-55185,DEL|Smoothie|C++,GV - DELISH,Green,False,False,True,98.21584423076924,0.4321298076923077,0.2391865384615384,0.52,3.58,119.78,0.53,0.63,4.37,0.29
R-44591,DEL|Smoothie|Chocohlic ,GV - DELISH,Green,False,False,True,368.03976538461546,0.8977788461538463,1.1493692307692307,20.82,820.46,224.41,0.55,12.7,500.28,0.7
R-73662,DEL|Smoothie|coconut mangoo,GV - DELISH,Green,False,False,True,189.00591145052553,1.1294540468085874,0.3232336666725459,4.66,128.63,55.59,0.33,1.37,37.83,0.1
R-36817,DEL|Smoothie|Delish,GV - DELISH,Yellow,False,True,False,1046.6280717948716,4.594817948717949,1.0252997435897435,147.9,6350.32,286.75,1.26,40.52,1739.81,0.28
R-56680,DEL|Smoothie|Green means go,GV - DELISH,Green,False,False,True,150.59618946980805,1.3011002975941968,0.3104950672342443,37.45,1224.15,91.83,0.79,22.84,746.43,0.19
R-40466,DEL|Smoothie|Hawaiian Sun,GV - DELISH,Green,False,False,True,418.56083203371975,0.8225121180189674,0.3467238777660695,9.71,620.75,120.28,0.24,2.79,178.38,0.1
R-73665,DEL|Smoothie|Presso Espresso,GV - DELISH,Yellow,False,True,False,811.5371153846154,3.6819038461538462,1.634619230769215,33.01,1601.0,278.64,1.26,11.33,549.7,0.56
R-36763,DEL|Smoothie|Rise & Shine,GV - DELISH,Green,False,False,True,878.2484923076925,3.013823076923077,0.7113220512820512,86.81,3731.55,240.62,0.83,23.78,1022.34,0.19
R-73666,DEL|smoothie|strawberry banana,GV - DELISH,Green,False,False,True,162.86266944444446,0.294225,0.1141430555555555,34.41,1376.59,54.65,0.1,11.55,461.94,0.04
R-49036,DEL|Smoothie|Strwbry Cupid,GV - DELISH,Red,True,False,False,7.412514491661613,0.047002769126472,0.0090942461302827,1.2,52.45,741.25,4.7,120.0,5245.0,0.91
R-73663,DEL|Smoothie|tropical ,GV - DELISH,Green,False,False,True,46.85813432017544,0.1617483552631579,0.0604214364035087,5.78,225.13,26.78,0.09,3.3,128.65,0.03
R-14085,DIM SUM|Bun|BBQ Pork (1),GV - DIM SUM,Red,True,False,False,482.54500000000166,6.273000000000022,0.0,94.75,2850.24,567.7,7.38,111.47,3353.22,0.0
R-37741,DIM SUM|Bun|Chicken (1),GV - DIM SUM,Green,False,False,True,288.0968750000013,5.593375000000026,0.0,46.76,1048.22,198.69,3.86,32.25,722.91,0.0
R-47286,DIM SUM|Bun|Vegetable (1),GV - DIM SUM,Green,False,False,True,86.0795000000003,0.9647500000000034,0.0,21.27,669.85,101.27,1.14,25.02,788.06,0.0
R-49029,DIM SUM|Dumplings (3),GV - DIM SUM,Red,True,False,False,483.18639687500047,4.757046875000004,0.0,74.34,2328.13,684.16,6.74,105.26,3296.47,0.0
R-49030,DIM SUM|Potstickers (3),GV - DIM SUM,Green,False,False,True,123.7324687500002,2.059406250000004,0.0,23.63,623.28,149.98,2.5,28.64,755.49,0.0
R-37809,DIM SUM|Wrap Sticky Rice (1),GV - DIM SUM,Yellow,False,True,False,539.6600000000001,5.50875,0.0,168.35,2396.69,431.73,4.41,134.68,1917.35,0.0
R-54202,FF|Bibimbap Bowl|AAD,GV FRESH FARE DAY,Green,False,False,True,847.9444397011714,5.072567231667682,1.5236014251007746,162.53,2581.89,159.39,0.95,30.55,485.32,0.29
R-64951,FF|Bowl|Asparagus scramble|AAD,GV FRESH FARE BREAKFAST,Yellow,False,True,False,1305.9848838405169,14.585832792864846,3.2258970119960244,153.08,5639.81,339.22,3.79,39.76,1464.89,0.84
R-27275,FF|Bowl|Black Bean Break|AAD,GV FRESH FARE BREAKFAST,Green,False,False,True,649.949783027662,5.749955843358053,2.810163253522988,67.81,1800.85,159.69,1.41,16.66,442.47,0.69
R-65942,FF|Bowl|chilimiso scramble|AAD,GV FRESH FARE BREAKFAST,Yellow,False,True,False,709.603494878404,9.78018101886028,1.9502524278432245,97.37,2939.98,228.9,3.15,31.41,948.38,0.63
R-32886,FF|Bowl|Curried Chickpea|AAD,SPECIALS,Green,False,False,True,521.5275666795719,1.98676340214428,2.6745816853924667,87.37,593.78,122.71,0.47,20.56,139.71,0.63
R-43738,FF|BOWL|Dobanjiang Noodle|AAD ,OK - VEGETARIAN KITCHEN,Green,False,False,True,358.87328103753987,3.938651172192152,0.9096910008141892,66.57,2295.0,112.5,1.23,20.87,719.44,0.29
R-57179,FF|Bowl|Fajita VEG|AAD,GV FRESH FARE DAY,Green,False,False,True,636.6342061189793,2.7424388686247045,2.3459954556447933,141.46,1079.16,138.4,0.6,30.75,234.6,0.51
R-36666,FF|Bowl|Five Alarm|AAD,GV FRESH FARE DAY,Green,False,False,True,890.5264776533068,7.891987638805351,1.6077005944831402,216.65,2527.85,189.07,1.68,46.0,536.7,0.34
R-36575,FF|Bowl|Gather|AAD,GV FRESH FARE DAY,Green,False,False,True,782.8957268405703,3.9847991137027745,3.1019149729264672,174.12,3251.29,130.48,0.66,29.02,541.88,0.52
R-54039,FF|Bowl|Kale|AAD,GV FRESH FARE DAY,Green,False,False,True,329.87068853391276,3.639343253907395,1.0298195372379872,38.48,1251.55,112.58,1.24,13.13,427.15,0.35
R-55057,FF|Bowl|Mediterranean|AAD,GV FRESH FARE DAY,Yellow,False,True,False,889.7712619407748,6.41772263356339,2.8014723178280203,137.48,3897.48,237.27,1.71,36.66,1039.33,0.75
R-64398,FF|Bowl|OysterMushroom|AAD,SPECIALS,Green,False,False,True,1047.3566548191386,2.384732504261161,0.6123830922413377,165.91,961.88,295.03,0.67,46.74,270.95,0.17
R-65761,FF|Bowl|Poached Egg Zuc.|AAD,GV FRESH FARE DAY,Green,False,False,True,644.3822479026419,4.38205493964171,1.2173085624972344,184.0,1720.02,179.0,1.22,51.11,477.78,0.34
R-50333,FF|Bowl|Roasted squash|AAD,GV FRESH FARE DAY,Green,False,False,True,399.43763000956784,2.7877145420328797,0.8649983584308388,106.77,911.27,106.52,0.74,28.47,243.01,0.23
R-65513,FF|Bowl|Salsa scramble|AAD,GV FRESH FARE BREAKFAST,Yellow,False,True,False,1090.277779202385,11.51796791396782,3.015895000406678,108.01,3316.23,290.74,3.07,28.8,884.33,0.8
R-40621,FF|Bowl|Thai Coconut|AAD,GV FRESH FARE DAY,Green,False,False,True,507.1952387761598,1.5137034976925232,0.4977052778166139,100.27,471.22,150.06,0.45,29.67,139.41,0.15
R-51215,FF|Bowl|White bean breaky|AAD,GV FRESH FARE BREAKFAST,Yellow,False,True,False,887.2013784091454,6.934317869359866,2.0427515036493453,169.38,3246.72,213.78,1.67,40.81,782.34,0.49
R-67295,FF|BowlEggplant miso|AAD,GV FRESH FARE DAY,Green,False,False,True,764.9467934925846,3.403877947321719,1.3786175906565403,276.96,3460.56,171.13,0.76,61.96,774.17,0.31
R-56895,FF|Brussel Sprout Pasta|AAD,GV FRESH FARE DAY,Yellow,False,True,False,625.9339090904048,5.054352423198363,1.217885799302855,84.57,3861.27,207.95,1.68,28.1,1282.81,0.4
R-64698,FF|Burger|lionsmane crunch|AAD,GV FRESH FARE DAY,Green,False,False,True,362.8042356997358,2.5236487063224815,1.359104055849113,47.88,1546.22,120.93,0.84,15.96,515.41,0.45
R-55942,FF|Falafel bowl|AAD,GV FRESH FARE DAY,Green,False,False,True,560.6025300992978,2.703252900131182,1.9040226333890389,79.54,1601.37,199.15,0.96,28.26,568.87,0.68
R-70058,FF|Omelette|3Cheese|AAD,GV FRESH FARE BREAKFAST,Red,True,False,False,1573.1109771204078,20.086340847183433,2.389151710480114,267.9,11401.72,555.87,7.1,94.66,4028.88,0.84
R-70095,FF|Omelette|Mushroom&Ched|AAD,GV FRESH FARE BREAKFAST,Red,True,False,False,967.8239414738564,13.822301192011018,1.7283084992732176,160.67,5805.33,406.65,5.81,67.51,2439.21,0.73
R-71818,FF|Omelette|Pepper&Onion|AAD,ADD ONS,Red,True,False,False,685.4173752562306,11.139002128637344,1.3494806924962233,112.79,3352.09,599.51,9.74,98.65,2931.94,1.18
R-44732,FF|Omelette|Shitake Mozza|AAD,ADD ONS,Red,True,False,False,919.0309832027516,13.478230043799533,1.6535586341086992,154.14,5449.86,659.61,9.67,110.63,3911.48,1.19
R-70057,FF|Omelette|SpinachFeta|AAD,GV FRESH FARE BREAKFAST,Red,True,False,False,1058.602977120408,14.804340847183433,1.8091517104801145,177.6,6691.51,402.51,5.63,67.53,2544.3,0.69
R-61853,FF|Overnight oats|AppleCin|AAD,GV FRESH FARE BREAKFAST,Green,False,False,True,476.8464998333333,1.6949614999999998,1.2064630833333323,110.35,4061.11,140.25,0.5,32.46,1194.44,0.35
R-61855,FF|Overnight oats|Banana|AAD,GV FRESH FARE BREAKFAST,Yellow,False,True,False,573.0280978494624,1.365257177419355,1.130242817204301,136.24,6703.02,163.72,0.39,38.93,1915.15,0.32
R-72313,FF|Overnight Oats|BlackB|AAD,GV FRESH FARE BREAKFAST,Yellow,False,True,False,642.9626223392584,1.3454204427254772,1.133327919245117,157.06,7567.05,169.2,0.35,41.33,1991.33,0.3
R-66411,FF|Overnight Oats|Blue|AAD,GV FRESH FARE BREAKFAST,Yellow,False,True,False,663.7498757715404,1.4778857488479262,1.172160869152353,157.43,7553.77,170.19,0.38,40.37,1936.86,0.3
R-73481,FF|Overnight Oats|Matcha|AAD,GV FRESH FARE BREAKFAST,Yellow,False,True,False,965.7558756272424,1.0866696774193554,1.5130861505376365,109.24,5907.16,338.86,0.38,38.33,2072.69,0.53
R-69124,FF|Overnight Oats|Straw|AAD,GV FRESH FARE BREAKFAST,Yellow,False,True,False,585.9252570331358,1.3621576876234365,1.131685266183893,140.2,6860.93,160.53,0.37,38.41,1879.71,0.31
R-73482,FF|Overnight Oats|Tiramisu|AAD,GV FRESH FARE BREAKFAST,Yellow,False,True,False,901.3449270833358,2.7246645833333334,1.50419791666667,72.04,3668.11,367.9,1.11,29.4,1497.19,0.61
R-73480,FF|OvernightOats|Pineapple|AAD,GV FRESH FARE BREAKFAST,Yellow,False,True,False,598.2010978494624,1.4427571774193548,1.211092817204301,149.03,6907.46,155.38,0.37,38.71,1794.15,0.31
R-47827,FF|Pasta|Artichoke Penne|AAD,GV FRESH FARE FEATURE,Red,True,False,False,1310.3200702902257,11.37279883311858,2.8038578590237435,219.76,8918.54,383.13,3.33,64.26,2607.76,0.82
R-68821,FF|Pasta|Duxcell Spaghetti|AAD,SPECIALS,Green,False,False,True,392.0429592092156,4.042575606117647,0.8887620135960697,75.67,3023.77,134.22,1.38,25.91,1035.19,0.3
R-58351,FF|Pasta|Harvest Squash|AAD,SPECIALS,Green,False,False,True,498.63169286697047,3.1129568509014716,0.8300288724464222,71.09,3560.05,124.19,0.78,17.71,886.69,0.21
R-71988,FF|Pasta|mush tortellini|AAD,GV - FLEX BC,Yellow,False,True,False,479.5161307976195,4.711676697089953,0.8489598458994639,87.09,3719.91,254.55,2.5,46.23,1974.74,0.45
R-61911,FF|Pasta|Ravioli butternut|AAD,GV - FLEX BC,Yellow,False,True,False,486.4904335970134,4.14922943216926,1.0590251307211376,144.1,7610.48,121.62,1.04,36.02,1902.62,0.26
R-36568,FF|Pasta|Spinach Avocado|AAD,GV FRESH FARE DAY,Green,False,False,True,479.7070490376235,3.812377800775943,1.3064360304071374,81.15,2882.89,153.75,1.22,26.01,924.0,0.42
R-55234,FF|Pasta|Tomato basil|AAD,GV FRESH FARE DAY,Yellow,False,True,False,668.6013326548451,6.698596266927518,1.6585593539793249,158.03,5606.02,145.35,1.46,34.35,1218.7,0.36
R-56509,FF|Quesadilla|Breakfast|AAD,FT BUENO,Red,True,False,False,1648.8285590715616,17.13021538786589,3.026958831011969,238.78,11475.76,483.53,5.02,70.02,3365.33,0.89
R-54608,FF|Ratatoullie|bowl|AAD,GV FRESH FARE FEATURE,Green,False,False,True,554.2382543157246,4.97105652320169,0.9312497301970916,146.97,2826.55,151.85,1.36,40.27,774.4,0.26
R-47096,FF|Risotto|Mushroom|Herbs&chee,GV FRESH FARE FEATURE,Green,False,False,True,474.41159610835285,1.813030888878032,1.1259473595358536,97.08,1003.36,158.14,0.6,32.36,334.45,0.38
R-55151,FF|Risotto|Primavera|AAD,GV FRESH FARE FEATURE,Green,False,False,True,408.01000797173464,2.4962677042873547,1.0104514278524377,105.74,1478.7,141.67,0.87,36.72,513.44,0.35
R-55148,FF|Risotto|Squash|Herbs&cheese,GV FRESH FARE FEATURE,Green,False,False,True,324.31484308482715,2.010241485405455,0.6096093644445125,100.11,1125.36,120.12,0.74,37.08,416.8,0.23
R-36574,FF|Salad|UBC Power|AAD,GV FRESH FARE DAY,Green,False,False,True,534.9433705422983,2.4417934187096253,1.4772194836691204,104.3,3433.16,144.58,0.66,28.19,927.88,0.4
R-50694,FF|Spaghetti Puttanesca|AAD,GV FRESH FARE DAY,Green,False,False,True,434.2610642416139,3.402542490204374,1.2447309805852318,70.32,2731.73,123.55,0.97,20.01,777.16,0.35
R-35461,FF|Tabbouleh Bowl|AAD,GV FRESH FARE DAY,Yellow,False,True,False,654.9851392932894,3.034479808450824,2.160341546275984,193.18,8195.81,177.5,0.82,52.35,2221.09,0.59
R-56719,FF|Toast|Beans On Toast|AAD,GV FRESH FARE DAY,Yellow,False,True,False,222.6424758770028,1.3209855952354923,0.806867329957978,18.48,909.83,203.91,1.21,16.93,833.27,0.74
R-61875,FF|Toast|Bruscetta|AAD,GV FRESH FARE DAY,Yellow,False,True,False,419.97384052427554,3.892219458483977,0.9427530554225796,45.56,1612.56,272.38,2.52,29.55,1045.84,0.61
R-56718,FF|Toast|Farm Veg toast|AAD,GV FRESH FARE DAY,Green,False,False,True,225.1868180346923,1.6496413348602428,0.9170902686710182,16.47,845.18,114.78,0.84,8.4,430.8,0.47
R-61874,FF|Toast|Mushroom toast|AAD,GV FRESH FARE DAY,Green,False,False,True,253.0735244219325,1.8557703376616723,0.8965056588940505,18.81,673.73,149.58,1.1,11.12,398.21,0.53
R-65943,FF|Toast|Shaved fennel|AAD,GV FRESH FARE DAY,Yellow,False,True,False,601.9319520260154,6.523812593786157,1.2700937666495975,74.97,2175.13,325.04,3.52,40.48,1174.56,0.69
R-36669,FF|Toast|Smashed Avocado|AAD,GV FRESH FARE DAY,Green,False,False,True,209.82073070749385,0.6930574998815084,0.5369543987548566,15.26,895.85,97.42,0.32,7.09,415.95,0.25
R-36552,FF|Yaki Soba Miso Noodle|AAD,GV FRESH FARE DAY,Green,False,False,True,476.79746461741746,5.106907484671046,1.6380616795636995,104.5,3312.02,69.81,0.75,15.3,484.92,0.24
R-44885,FLX|Bao Shitake & Kimchi|AAD,GV FLEX BAO,Green,False,False,True,80.88424319940543,1.0510504843364956,0.2418173517743322,6.46,248.52,48.73,0.63,3.89,149.71,0.15
R-73539,FLX|Bao|Bun|Crispy Tofu|AAD,GV FLEX BAO,Green,False,False,True,209.11153961393524,0.7835487253703214,0.5401139899119466,6.0,165.56,160.86,0.6,4.62,127.35,0.42
R-73591,FLX|Bao|Bun|PickleEggplant|AAD,GV FLEX BAO,Green,False,False,True,91.38596961708524,0.7337053666225601,0.2079299427865384,6.64,212.15,73.11,0.59,5.31,169.72,0.17
R-73549,FLX|Bao|Bun|Tamago|AAD,GV FLEX BAO,Yellow,False,True,False,345.87751526639227,4.981960309009091,0.7666603020283578,50.66,1501.12,247.06,3.56,36.19,1072.23,0.55
R-73526,FLX|Bao|Bun|Waygu|AAD,GV FLEX BAO,Green,False,False,True,153.02900527281764,0.4791280087921832,0.3951318200563887,2.71,130.42,107.77,0.34,1.91,91.85,0.28
R-44883,FLX|Bao|Pork Belly|AAD,GV FLEX BAO,Red,True,False,False,944.3837635240858,12.549593304354405,2.0915339815716845,158.88,4824.21,376.25,5.0,63.3,1922.0,0.83
R-40586,FLX|Bao|Thai Chicken|AAD,GV FLEX BAO,Yellow,False,True,False,326.83149351950976,6.89283323044084,0.969585923057199,22.66,138.6,259.39,5.47,17.98,110.0,0.77
R-61932,FLX|Beef Brisket|AAD ,GV - FLEX BC,Red,True,False,False,6729.969012254728,53.62022187747822,19.91213969348907,268.36,10687.13,1895.77,15.1,75.59,3010.46,5.61
R-56775,FLX|Butter chicken|AAD,GV FLEX GLOBAL BOWL,Yellow,False,True,False,2055.2251871113426,20.054183387900096,3.4348692781925507,206.66,5739.1,436.35,4.26,43.88,1218.49,0.73
R-57264,FLX|Butter tofu|AAD,GV FLEX GLOBAL BOWL,Yellow,False,True,False,1117.0245408264489,5.780059214876054,1.9378891652892485,211.07,4736.55,239.19,1.24,45.2,1014.25,0.41
R-61924,FLX|cauliflower steak 150g|AAD,GV - FLEX BC,Yellow,False,True,False,524.6043366150266,1.6738676414688198,1.870659567436332,17.19,873.46,262.3,0.84,8.6,436.73,0.94
R-72100,FLX|CheeseTortellinni|AAD,GV - FLEX BC,Yellow,False,True,False,815.6835734489802,6.854654531346512,1.360377935051271,110.49,5120.99,315.7,2.65,42.76,1982.0,0.53
R-56827,FLX|Chickpea Vindaloo|AAD,FT OASIS/CHAAT,Green,False,False,True,436.07004343915344,2.7524910702260703,1.1865419468975458,100.55,1180.89,124.59,0.79,28.73,337.4,0.34
R-61978,FLX|Fish Fritters|160g| AAD,GV - FLEX BC,Red,True,False,False,1513.6523099798833,17.240785622939256,3.478068904241592,405.94,6053.8,504.13,5.74,135.2,2016.25,1.16
R-62369,FLX|Garlic cheesey toast,FOOD,Red,True,False,False,323.9703412014991,2.973984841269841,0.4705606580687805,40.77,1835.19,543.35,4.99,68.38,3077.89,0.79
R-62029,FLX|Greek Chicken Skewer|+2,GV - FLEX BC,Yellow,False,True,False,1213.020480390563,18.750252365598755,2.3792565445058775,112.04,3763.32,249.59,3.86,23.05,774.35,0.49
R-65254,FLX|Laksa|eggplant Tofu|AAD,GV - FLEX ASIAN NOODLE,Green,False,False,True,866.1743183313606,3.38985756284364,1.0637313591541355,178.12,1297.5,140.84,0.55,28.96,210.98,0.17
R-64446,FLX|Laksa|ling cod|AAD 100g,GV - FLEX ASIAN NOODLE,Green,False,False,True,1233.089699212134,9.755243622380236,1.4045339723197028,337.11,1936.46,207.24,1.64,56.66,325.46,0.24
R-45203,FLX|Laksa|Salmon|AAD,GV - FLEX ASIAN NOODLE,Green,False,False,True,1299.2657706797722,10.623403150088668,1.51172294012598,356.61,2041.88,218.36,1.79,59.93,343.17,0.25
R-69621,FLX|Palak Paneer|AAD,GV FLEX GLOBAL BOWL,Red,True,False,False,1547.6045660601922,14.219353850650572,1.8633342931890111,355.67,11747.28,367.6,3.38,84.48,2790.33,0.44
R-56121,FLX|Pasta Bar|Alfredo,GV FLEX GLOBAL BOWL,Red,True,False,False,1337.802698309894,15.27613777174658,2.3493227418989813,199.22,8737.16,352.05,4.02,52.43,2299.25,0.62
R-61943,FLX|Pasta|Mac + Cheese|AAD,GV - FLEX BC,Red,True,False,False,1443.8294605784574,15.136508435576268,2.044321984502836,254.83,12137.23,314.99,3.3,55.59,2647.88,0.45
R-44766,FLX|Pho Beef Noodle|AAD,GV - FLEX ASIAN NOODLE,Red,True,False,False,8811.425274846992,69.70011077330402,26.609638466079435,458.87,13323.06,2118.13,16.75,110.31,3202.66,6.4
R-52676,FLX|Porchetta|150g|AAD,GV - FLEX BC,Red,True,False,False,2189.1431797894666,23.332405469331707,5.3255622346447495,313.19,9466.98,1094.57,11.67,156.6,4733.49,2.66
R-26808,FLX|Quiche|3 Cheese|AAD,GV FLEX GLOBAL BOWL,Red,True,False,False,836.7013012474561,8.481300013062002,1.2183500014643884,119.3,5649.44,390.98,3.96,55.75,2639.93,0.57
R-51258,FLX|Quiche|Denver|AAD,GV FLEX GLOBAL BOWL,Yellow,False,True,False,646.4270742689171,7.177016892789578,1.1884010271479366,93.72,3505.36,336.68,3.74,48.81,1825.71,0.62
R-26809,FLX|Quiche|Ham&Cheese|AAD,GV FLEX GLOBAL BOWL,Red,True,False,False,714.3114210431106,7.268389473434738,1.0743847368253578,103.91,4816.9,370.11,3.77,53.84,2495.8,0.56
R-71815,FLX|Quiche|Mediterranean|AAD,GV FLEX GLOBAL BOWL,Yellow,False,True,False,665.7634143917626,6.843595426245211,1.039504164272019,88.45,4016.4,294.59,3.03,39.14,1777.17,0.46
R-57034,FLX|Quiche|Smoked Salmon|AAD,GV FLEX GLOBAL BOWL,Yellow,False,True,False,668.601084943364,7.156168742787843,1.0756933512017457,109.06,2927.14,305.3,3.27,49.8,1336.59,0.49
R-62005,FLX|Quiche|Spinach&Feta|AAD,GV FLEX GLOBAL BOWL,Yellow,False,True,False,653.4394831417626,6.605114176245212,1.0129447892720191,87.12,3968.56,317.2,3.21,42.29,1926.49,0.49
R-45153,FLX|Shoyu Chicken|AAD,GV - FLEX BC,Yellow,False,True,False,1401.5089755662254,24.381674535709863,3.059952800714534,335.21,1282.05,215.62,3.75,51.57,197.24,0.47
R-69236,FLX|Shoyu Salmon|AAD,GV - FLEX BC,Yellow,False,True,False,956.4749570801724,10.805008028429617,1.4854164567252304,328.31,1823.29,239.12,2.7,82.08,455.82,0.37
R-61956,FLX|Shoyu tofu|AAD,GV - FLEX BC,Green,False,False,True,507.6870328341017,2.3370609720760473,1.003811636965343,143.94,838.7,130.18,0.6,36.91,215.05,0.26
R-37051,FLX|Side Naan|AAD,GV FLEX GLOBAL BOWL,Green,False,False,True,162.35874606059576,1.5200095264730342,0.4315737351077958,35.53,1164.14,129.89,1.22,28.42,931.31,0.35
R-61967,FLX|Spicy Soy Salmon 100g|AAD,GV - FLEX BC,Red,True,False,False,755.1572001046824,10.24504005291009,1.1887094431387843,225.21,1253.92,624.1,8.47,186.12,1036.3,0.98
R-62288,FLX|Spicy Soy tofu 150g|AAD,GV - FLEX BC,Green,False,False,True,292.8013536448667,1.2957723677059076,0.6766584782031165,4.32,164.02,158.27,0.7,2.34,88.66,0.37
R-47094,FLX|Stew beef one pot |AAD,GV - FLEX BC,Red,True,False,False,3176.592317714204,25.875122096589063,9.534009755823137,132.73,4967.82,1296.57,10.56,54.18,2027.68,3.89
R-57280,FLX|Tonkotsu Ramen|AAD,GV - FLEX ASIAN NOODLE,Red,True,False,False,2121.195464780211,34.09200999007211,4.799643767127082,340.24,9077.38,330.08,5.31,52.95,1412.55,0.75
R-28396,FLX|Veg Lasagna 275g|AAD,GV - FLEX BC,Yellow,False,True,False,868.347999423281,8.847221698316531,1.346409705801848,139.07,6766.68,286.58,2.92,45.9,2233.23,0.44
R-53835,G&G|Cornbread|Ed,GV - BAKERY,Yellow,False,True,False,294.89247546851004,2.616590482265778,0.4162902338349292,29.6,1218.86,293.46,2.6,29.46,1212.93,0.41
R-45468,GRL|Add|Spinach cooked,GV GRILL DAY,Green,False,False,True,60.88617142857143,0.7155948979591836,0.1729369387755102,7.34,264.73,64.77,0.76,7.81,281.63,0.18
R-70604,GRL|Bacon Cheddar Dog|AAD,SPECIALS,Red,True,False,False,855.2667385300506,8.646641845934116,1.877855415335588,134.65,5406.57,550.01,5.56,86.59,3476.89,1.21
R-71987,GRL|BBQ Chicken Burger|AAD,SPECIALS,Red,True,False,False,1127.6119622970411,24.3071519684861,3.125762339529361,117.66,1851.35,363.75,7.84,37.95,597.21,1.01
R-50312,GRL|Benny |Avocado spinach|AAD,GV - GRILL BREAKFAST,Yellow,False,True,False,342.29757366980704,3.196535134090352,0.9541372680243598,39.09,1270.57,197.29,1.84,22.53,732.32,0.55
R-55646,GRL|Benny PulledPork|AAD,GV - GRILL BREAKFAST,Red,True,False,False,1132.512021977566,13.516686094878043,1.753755085219256,170.94,5349.6,462.73,5.52,69.84,2185.79,0.72
R-62002,GRL|Benny|Asparagus|AAD,GV GRILL BRUNCH,Yellow,False,True,False,425.75962669648266,4.624390583625997,0.8096692728635275,59.37,1886.05,340.61,3.7,47.5,1508.84,0.65
R-68109,GRL|Benny|Crispy chicken|AAD,GV - GRILL BREAKFAST,Red,True,False,False,913.3948003841856,12.565839775748252,1.589301813417711,123.64,3624.51,379.0,5.21,51.3,1503.95,0.66
R-68110,GRL|Benny|fennel|AAD,GV FLEX GLOBAL BOWL,Yellow,False,True,False,841.0429018952694,9.272789334796432,1.5868054771292932,119.65,3783.55,305.83,3.37,43.51,1375.84,0.58
R-50515,GRL|Benny|florentine|AAD,GV GRILL FEATURE,Yellow,False,True,False,459.0355394356373,5.288916777066555,0.7801654278361728,71.1,2450.38,341.29,3.93,52.86,1821.84,0.58
R-62012,GRL|Benny|Ham & mustard|AAD,GV GRILL FEATURE,Red,True,False,False,1572.3799561030296,19.227532239416508,2.9086827266290807,256.74,7871.97,470.77,5.76,76.87,2356.88,0.87
R-61998,GRL|Benny|Salmon|AAD,GV GRILL BRUNCH,Yellow,False,True,False,443.0421923739075,5.390846533312432,0.726277691452559,80.35,1880.35,344.78,4.2,62.53,1463.31,0.57
R-56157,GRL|Big Burger|kimchiBacon|AAD,GV GRILL FEATURE,Red,True,False,False,5686.209796389718,48.68397436112112,17.028537565768016,354.31,11910.88,1680.33,14.39,104.7,3519.78,5.03
R-44655,GRL|Big Burger|Lumberjack|AAD,GV GRILL DAY,Red,True,False,False,5268.390765249515,42.82266131968763,16.22094293741511,265.03,9455.63,1469.98,11.95,73.95,2638.3,4.53
R-61824,GRL|BOWL|Asparagus poached egg,GV - GRILL BREAKFAST,Yellow,False,True,False,727.9843581874404,6.647369516229028,1.9889761577568907,115.39,3519.06,224.0,2.05,35.5,1082.79,0.61
R-44024,GRL|Bowl|Gather & Run|AAD,GV - GRILL BREAKFAST,Red,True,False,False,1433.5610889355742,19.87334195278111,3.0160069167666945,252.89,7661.74,656.09,9.1,115.74,3506.52,1.38
R-72498,GRL|BOWL|Huevos Ranch J.E.|AAD,GV - GRILL BREAKFAST,Yellow,False,True,False,615.6132883238656,7.286932215033292,1.58650109990707,90.75,3461.7,236.77,2.8,34.9,1331.42,0.61
R-44650,GRL|Bowl|Professors|Breakfast|,GV - GRILL BREAKFAST,Green,False,False,True,780.033704664268,8.695924357111448,1.6982389514099046,82.46,2383.47,163.53,1.82,17.29,499.68,0.36
R-44316,GRL|BOWL|White Bean|AAD,GV - GRILL BREAKFAST,Yellow,False,True,False,1394.2811999768542,14.478968779890486,3.7125400643090214,232.06,6129.09,265.58,2.76,44.2,1167.45,0.71
R-68382,GRL|Brocco fritters|AAD,GV GRILL DAY,Yellow,False,True,False,461.59750458942807,3.2720208375457127,1.6615164905347335,50.83,1729.59,212.47,1.51,23.4,796.13,0.76
R-55424,GRL|Burger|Adobo chicken|AAD,SPECIALS,Yellow,False,True,False,915.3647449427924,19.19281816517554,2.557106959357311,97.16,1501.56,300.81,6.31,31.93,493.45,0.84
R-72157,GRL|Burger|Alumni Cheese|AAD,GV GRILL DAY,Red,True,False,False,5205.3116993335025,41.78120377060215,15.889893129034364,262.45,9841.17,1732.81,13.91,87.37,3276.04,5.29
R-68378,GRL|Burger|Alumni|AAD,GV GRILL DAY,Red,True,False,False,5080.56609683859,40.475003744478144,15.743453126105562,240.62,8714.68,1773.95,14.13,84.02,3042.86,5.5
R-36098,GRL|Burger|Alumni|bacon cheese,GV GRILL DAY,Red,True,False,False,5765.707199333502,49.35080377060215,17.088033129034358,365.64,12933.0,1613.25,13.81,102.31,3618.65,4.78
R-73195,GRL|Burger|BombayTurkey|AAD,GV GRILL DAY,Yellow,False,True,False,733.4511352979055,15.696768964517153,2.126247084846413,82.78,1222.96,252.91,5.41,28.54,421.71,0.73
R-69702,GRL|Burger|Cod|AAD,GV GRILL DAY,Yellow,False,True,False,816.9366610974478,9.064776347881145,1.841707623296879,202.97,2345.58,302.57,3.36,75.17,868.73,0.68
R-53579,GRL|Burger|Jackfruit|AAD,GV GRILL FEATURE,Green,False,False,True,380.4723556000794,2.490200861308333,0.859809392942474,41.13,1259.76,131.2,0.86,14.18,434.4,0.3
R-65248,GRL|Burger|Lions maneBBQ|AAD,GV GRILL DAY,Green,False,False,True,318.821536340121,2.7111494545276407,0.7745200951256221,45.95,1491.6,104.53,0.89,15.07,489.05,0.25
R-69135,GRL|Burger|lions maneGreek|AAD,GV GRILL DAY,Yellow,False,True,False,436.19553195664736,4.389690754292096,0.8373507500697086,79.84,3241.08,161.55,1.63,29.57,1200.4,0.31
R-69629,GRL|burger|Lionsmane Bfalo|AAD,SPECIALS,Green,False,False,True,383.62157103382503,3.9381039513942486,1.1161355478742598,60.01,2332.62,118.77,1.22,18.58,722.17,0.35
R-61830,GRL|Burger|Portobello|AAD,GV GRILL DAY,Yellow,False,True,False,432.9679309125844,4.076713543639497,1.4098248544964385,59.95,2107.79,163.38,1.54,22.62,795.39,0.53
R-44931,GRL|Burger|Salmon|AAD,GV GRILL DAY,Yellow,False,True,False,839.9242977036484,10.181847469508153,1.6771077666881822,230.06,2467.25,349.97,4.24,95.86,1028.02,0.7
R-50118,GRL|Burger|swiss chz|Pork|AAD,GATHER,Red,True,False,False,1529.522452708653,19.3474000640294,3.197289568153649,290.18,9670.56,550.19,6.96,104.38,3478.62,1.15
R-70492,GRL|Burger|Swiss Mushroom|AAD,GV GRILL DAY,Red,True,False,False,5260.6278075835025,42.49337377060215,16.044305004034364,269.78,10105.78,1523.06,12.3,78.11,2925.84,4.65
R-73194,GRL|Burger|TurkeyParm|AAD,GV GRILL DAY,Yellow,False,True,False,1047.0749714870676,18.652371954275576,2.9014131017384273,118.12,3013.14,308.87,5.5,34.84,888.83,0.86
R-61982,GRL|Cauliflower Bites|AAD 160g,GV GRILL DAY,Yellow,False,True,False,310.72220875598316,2.5871081132680356,0.990980724634132,46.16,1518.33,170.49,1.42,25.33,833.1,0.54
R-53420,GRL|Cauliflower Dog|AAD,SPECIALS,Green,False,False,True,240.6792559827246,1.7033934387334058,0.9505859811539388,25.95,869.76,135.98,0.96,14.66,491.39,0.54
R-53471,GRL|Cheese Burger Roll|SP,SPECIALS,Red,True,False,False,6894.377444148119,55.51357373785249,20.790574897954336,331.16,12574.0,1904.52,15.34,91.48,3473.48,5.74
R-44779,GRL|Chick Wings|W/O Gluten|AAD,GV GRILL DAY,Red,True,False,False,1335.590643627706,30.24542840542936,3.4921606507448386,96.73,384.93,403.5,9.14,29.22,116.29,1.06
R-70742,GRL|Chicken Bahn Mi|AAD,GV GRILL FEATURE,Red,True,False,False,880.6210650341691,17.1647797021509,2.4640042232694235,88.0,1229.33,348.76,6.8,34.85,486.86,0.98
R-56137,GRL|Chicken Burger|Buffalo|AAD,SPECIALS,Red,True,False,False,1216.9967853195365,24.725552930986044,3.329754935629355,123.97,2291.07,388.82,7.9,39.61,731.97,1.06
R-55469,GRL|Chicken Burger|Cajun|AAD,GV GRILL FEATURE,Yellow,False,True,False,912.1391207766534,20.32215890177639,2.481625750888855,99.94,1419.74,306.81,6.84,33.62,477.55,0.83
R-28251,GRL|Chicken Burger|Guaco bacon,GV GRILL DAY,Red,True,False,False,1814.3573504402664,33.37936450792136,4.326477613315866,250.83,6374.38,465.22,8.56,64.32,1634.46,1.11
R-56454,GRL|Chicken Burger|Maui|AAD,GV GRILL DAY,Red,True,False,False,1449.480487742561,26.693380354010568,3.874930508313279,153.82,3708.73,350.96,6.46,37.24,898.0,0.94
R-45150,GRL|Chicken Burger|Shoyu|AAD,GV GRILL DAY,Yellow,False,True,False,968.640206981578,19.831505051095174,2.8081414908887403,102.71,1654.74,293.53,6.01,31.12,501.44,0.85
R-72077,GRL|Chicken Burger|Teri|AAD,GV GRILL DAY,Red,True,False,False,1230.332287742561,24.518480354010567,3.611250508313278,117.83,1858.46,341.76,6.81,32.73,516.24,1.0
R-43964,GRL|ChickenBur|Thai Chili|AAD,GV GRILL DAY,Red,True,False,False,1024.5247169733666,22.962504657480597,2.8184590024868106,108.2,1373.15,353.28,7.92,37.31,473.5,0.97
R-52133,GRL|Chili Dog|AAD,SPECIALS,Red,True,False,False,568.2457648271054,5.433470338223701,1.3423010799297617,86.25,4019.93,330.38,3.16,50.15,2337.17,0.78
R-70292,GRL|DB Cheese Bagel Melt|AAD,GV GRILL DAY,Red,True,False,False,868.4243891622677,8.975677945986966,1.3717449531590675,169.17,7730.25,410.8,4.25,80.02,3656.69,0.65
R-38256,GRL|Egg Any Style,GV - GRILL BREAKFAST,Red,True,False,False,138.50621906543788,2.0215987446857957,0.3094567369510775,20.9,614.59,362.11,5.29,54.64,1606.77,0.81
R-36654,GRL|Egg|Scrambled|AAD,GV - GRILL BREAKFAST,Red,True,False,False,542.7976995798319,9.00293742496999,1.0193727490996398,93.08,2738.48,434.24,7.2,74.46,2190.78,0.82
R-53788,GRL|English Muffin Sand|AAD,GV - GRILL BREAKFAST,Yellow,False,True,False,416.2018622500891,4.57778032382007,0.9864630968735152,76.05,2759.45,301.6,3.32,55.11,1999.6,0.71
R-53150,GRL|French Toast (2) Special,SPECIALS,Green,False,False,True,342.3619439450192,2.2161131216001864,0.8793102053800474,65.15,1851.08,136.94,0.89,26.06,740.43,0.35
R-71966,GRL|French Toast Banana |AAD,GV GRILL BRUNCH,Yellow,False,True,False,337.03743995037223,2.684911761786601,0.7548543573200992,25.88,760.59,257.28,2.05,19.76,580.6,0.58
R-69126,GRL|French Toast Black|AAD,GV GRILL BRUNCH,Yellow,False,True,False,263.025318367347,2.5396724489795917,0.6493663265306122,34.53,1106.88,285.9,2.76,37.53,1203.13,0.71
R-68973,GRL|French Toast Raz |AAD,GV GRILL BRUNCH,Yellow,False,True,False,274.24074,2.564675,0.6511339999999999,37.97,1246.07,298.09,2.79,41.27,1354.42,0.71
R-49404,GRL|French Toast straw |AAD,GV GRILL BRUNCH,Yellow,False,True,False,437.9462091836771,4.938650510204117,0.932967448979594,80.32,2653.7,245.35,2.77,45.0,1486.67,0.52
R-70675,GRL|French Toast|BlueBerry|AAD,GV GRILL BRUNCH,Yellow,False,True,False,277.96807792207795,2.5591785714285713,0.6611580519480519,36.94,1202.84,302.14,2.78,40.15,1307.43,0.72
R-70676,GRL|French Toast|mangopin|AAD,GV GRILL BRUNCH,Yellow,False,True,False,225.7025,2.5478,0.6163899999999999,25.87,758.07,248.02,2.8,28.43,833.04,0.68
R-72829,GRL|fries|Waffle|AAD ,GV GRILL DAY,Green,False,False,True,115.9815,1.0645,0.2418999999999989,1.23,66.02,57.99,0.53,0.62,33.01,0.12
R-50669,GRL|Grilled CheeGRse|B avo|AAD,GV GRILL FEATURE,Red,True,False,False,1177.275316829343,13.752259677735344,2.0520658311884743,205.6,8047.45,585.71,6.84,102.29,4003.71,1.02
R-50668,GRL|Grilled Cheese|Jalap|AAD,GV GRILL FEATURE,Red,True,False,False,751.8033927420814,7.771379946617997,1.034042864422711,127.78,6215.04,375.9,3.89,63.89,3107.52,0.52
R-68406,GRL|Grilled Cheese|kimchi|AAD,GV GRILL FEATURE,Red,True,False,False,745.6789137776801,7.620602438527382,1.04370580940653,125.45,6145.64,392.46,4.01,66.03,3234.55,0.55
R-36139,GRL|GrilledCheese|Classic|AAD,GV GRILL DAY,Red,True,False,False,792.5606846110134,8.02226910519405,1.1854662260731923,141.76,6620.8,521.85,5.28,93.34,4359.37,0.78
R-70493,GRL|GrilledCheese|Ham|AAD,GV GRILL FEATURE,Red,True,False,False,737.3687471110135,7.522985771860715,0.9976424760731964,125.67,6127.45,444.2,4.53,75.7,3691.23,0.6
R-70295,GRL|Ham&Cheese Scramble|AAD,GV - GRILL BREAKFAST,Red,True,False,False,757.6585114561158,11.423070421236924,1.3130593649930136,130.42,4558.76,485.68,7.32,83.6,2922.28,0.84
R-72133,GRL|Herb&Vegetable|Hash|AAD,SPECIALS,Green,False,False,True,200.15349354380172,3.2154149090501885,0.3856119827603747,27.63,855.07,166.79,2.68,23.02,712.56,0.32
R-70016,GRL|Justegg|omellet,SPECIALS,Yellow,False,True,False,385.4655273667134,6.3346613960926526,0.7340802467221972,65.47,1940.62,220.27,3.62,37.41,1108.93,0.42
R-69609,GRL|Lions mane Burger|Cajn|AAD,GV GRILL FEATURE,Green,False,False,True,325.59064263091227,2.189017429313696,1.094692557526667,44.02,1447.35,109.89,0.74,14.86,488.48,0.37
R-70697,GRL|Mexi Scramble|AAD,GV - GRILL BREAKFAST,Red,True,False,False,615.4040585759894,9.97773472742954,1.108430104215743,101.89,3150.59,332.65,5.39,55.08,1703.02,0.6
R-68108,GRL|Pancakes|apple cin|AAD(1),GV - GRILL BREAKFAST,Green,False,False,True,147.276456,0.528135,0.2864819999999976,17.57,373.24,89.26,0.32,10.65,226.21,0.17
R-55513,GRL|Pancakes|Banana|AAD (1),SPECIALS,Green,False,False,True,271.8761961538462,1.5818615384615382,0.6258351923076851,39.9,1878.13,108.75,0.63,15.96,751.25,0.25
R-68119,GRL|Pancakes|Blackberry (2ea),GV - GRILL BREAKFAST,Green,False,False,True,147.02474103673467,0.7105322448979592,0.3423165526530564,20.66,619.14,89.07,0.43,12.52,375.1,0.21
R-36646,GRL|Pancakes|Blueberry|AAD,GV - GRILL BREAKFAST,Green,False,False,True,258.56955584415584,0.8816571428571429,0.4124061038960991,42.96,1507.82,114.92,0.39,19.09,670.14,0.18
R-70013,GRL|Pancakes|chocochip|AAD,GV - GRILL BREAKFAST,Green,False,False,True,192.618,1.1544,0.4889699999999921,33.22,1003.09,98.78,0.59,17.04,514.41,0.25
R-70674,GRL|Pancakes|mangoPine|AAD,GV - GRILL BREAKFAST,Green,False,False,True,168.473,0.8454,0.3777699999999951,20.82,618.68,78.36,0.39,9.68,287.76,0.18
R-72777,GRL|Pancakes|Raseberry|AAD,GV - GRILL BREAKFAST,Green,False,False,True,171.76350000000002,0.7509,0.3527699999999952,26.7,862.12,95.42,0.42,14.83,478.96,0.2
R-68099,GRL|Pancakes|Strawberry|AAD ,GV - GRILL BREAKFAST,Green,False,False,True,185.65531836734692,0.7852010204081633,0.3664548979591788,28.66,934.4,82.51,0.35,12.74,415.29,0.16
R-53419,GRL|Plant base pepper dog|AAD,SPECIALS,Green,False,False,True,369.1956436714552,1.8796194344864317,1.1623813884218,22.35,693.83,171.72,0.87,10.4,322.71,0.54
R-44775,GRL|Poutine|Classic|AAD,GV GRILL DAY,Yellow,False,True,False,864.9025005357142,8.973747908163265,1.142684744897958,126.57,6528.04,216.23,2.24,31.64,1632.01,0.29
R-57094,GRL|Poutine|Jalepeno|AAD,GV GRILL DAY,Yellow,False,True,False,696.7525005357143,7.273392283163266,0.957284744897958,97.04,4978.86,169.94,1.77,23.67,1214.36,0.23
R-44777,GRL|Poutine|Mushroom|AAD,GV GRILL DAY,Yellow,False,True,False,957.0960142857142,10.160697908163264,1.400037869897958,138.77,6969.06,201.49,2.14,29.21,1467.17,0.29
R-71891,GRL|Poutine|Nacho|AAD,GV GRILL DAY,Green,False,False,True,719.6907422774692,7.550842618077755,0.9701882963275046,99.28,5106.8,163.57,1.72,22.56,1160.64,0.22
R-72497,GRL|Prima vera JustEgg|AAD,GV - GRILL BREAKFAST,Yellow,False,True,False,332.9719430388308,5.420661111722758,0.6641101340919787,55.75,1716.44,175.25,2.85,29.34,903.39,0.35
R-70293,GRL|Prima vera Scramble|AAD,GV - GRILL BREAKFAST,Yellow,False,True,False,613.1426745514359,10.10077860872156,1.1877085734677288,104.14,3140.41,314.43,5.18,53.41,1610.47,0.61
R-71963,GRL|Pulled Pork Sandwich|AAD,GATHER,Red,True,False,False,980.6484436552574,11.830760493528548,2.2285091315120513,178.7,5463.69,478.37,5.77,87.17,2665.21,1.09
R-64467,GRL|Salad|Baja|CHICKEN|AAD,GV GRILL DAY,Yellow,False,True,False,1086.7589747133663,14.287021399274895,3.2682244058007095,117.21,5006.59,233.71,3.07,25.21,1076.69,0.7
R-57819,GRL|Salad|Spicy Caesar|AAD,GV GRILL DAY,Yellow,False,True,False,589.743583058636,5.298172092977108,1.4151346236937774,77.52,3545.4,189.93,1.71,24.97,1141.84,0.46
R-45077,GRL|Sand|B.E.L.T.|AAD,GV - GRILL BREAKFAST,Red,True,False,False,1008.867739876194,11.413853905945444,2.6801485641965797,168.66,5122.61,416.89,4.72,69.69,2116.78,1.11
R-71968,GRL|SAND|Bfast bacon & egg|AAD,GV GRILL FEATURE,Red,True,False,False,921.8677007321046,11.04786600659056,2.354477927427254,162.74,4900.05,380.94,4.57,67.25,2024.81,0.97
R-71967,GRL|SAND|Bfast ham & egg|AAD,GV GRILL FEATURE,Red,True,False,False,1062.3912251395575,13.636881921524438,2.293442630427156,198.79,5967.93,426.66,5.48,79.84,2396.76,0.92
R-56456,GRL|Sand|Monte Cristo|AAD,GV - GRILL BREAKFAST,Red,True,False,False,1378.884368609896,22.1167936006351,2.789116009441821,211.89,6447.69,462.71,7.42,71.1,2163.65,0.94
R-50491,GRL|sand|Reuben|AAD,GV GRILL FEATURE,Red,True,False,False,4828.896477717098,39.058828335076285,13.79380727858486,268.67,10397.81,1567.82,12.68,87.23,3375.91,4.48
R-73434,GRL|SAND|Toad in Hole|AAD,GV GRILL FEATURE,Yellow,False,True,False,306.0191154940109,3.659584714073567,0.818660818583725,67.04,2025.27,209.6,2.51,45.92,1387.17,0.56
R-70679,GRL|Sandwich|breakfast BLT|AAD,BRUNCH,Red,True,False,False,1342.6261644944852,16.102142089705886,3.1569883359191055,216.82,6710.3,457.96,5.49,73.96,2288.84,1.08
R-50303,GRL|Sandwich|Cubano|AAD,GV GRILL FEATURE,Red,True,False,False,1699.685340652653,17.7704583898582,2.88465956130682,245.98,8579.32,645.35,6.75,93.4,3257.45,1.1
R-47758,GRL|Sandwich|sausageMuffin|AAD,GV - GRILL BREAKFAST,Yellow,False,True,False,357.7081411608418,2.7164254028304193,1.050052356521077,55.95,2180.33,264.97,2.01,41.44,1615.06,0.78
R-56493,GRL|Sandwich|Tuna Melt|AAD,GV GRILL FEATURE,Yellow,False,True,False,719.4476518414017,7.498286706923953,1.420433903318548,158.41,3868.07,322.62,3.36,71.04,1734.56,0.64
R-71888,GRL|Side fries|curly fries|AAD,GV GRILL DAY,Green,False,False,True,169.64865318181816,1.2512554545454546,0.2863564545454533,1.71,85.8,65.25,0.48,0.66,33.0,0.11
R-44770,GRL|Side|Chicken Strips|AAD,GV GRILL DAY,Red,True,False,False,1275.645289129385,30.342042964532997,3.4592232302599863,99.11,327.91,383.65,9.13,29.81,98.62,1.04
R-44773,GRL|side|fries|Beer Bat|AAD,GV GRILL DAY,Green,False,False,True,245.2859605357143,1.4593085331632654,0.758950744897958,1.7,84.53,94.34,0.56,0.65,32.51,0.29
R-61822,GRL|Side|hashbrowns|,GV - GRILL BREAKFAST,Green,False,False,True,113.33551836734696,1.3774795918367346,0.1543877551020408,0.72,21.61,45.33,0.55,0.29,8.64,0.06
R-71886,GRL|Side|onion ring|AAD,GV GRILL DAY,Green,False,False,True,257.6950414285714,1.1378148979591838,1.041603938775507,2.64,172.18,123.89,0.55,1.27,82.78,0.5
R-45233,GRL|Side|Potato Fries,GV GRILL DAY,Green,False,False,True,152.07050053571433,1.4409485331632654,0.305884744897958,1.53,79.33,66.12,0.63,0.67,34.49,0.13
R-44738,GRL|Side|Tomato,GV - GRILL BREAKFAST,Green,False,False,True,83.79667532467532,0.8988624768089052,0.0403402133580705,8.75,509.22,72.72,0.78,7.59,441.93,0.04
R-44774,GRL|Side|Yam Fries|AAD,GV GRILL DAY,Green,False,False,True,351.5044623214286,1.112843405612245,1.266880418367343,3.56,223.36,145.25,0.46,1.47,92.3,0.52
R-70696,GRL|Three Cheese Scramble|AAD,GV - GRILL BREAKFAST,Red,True,False,False,836.9310114561158,12.223270421236926,1.3966393649930138,144.2,5309.14,507.23,7.41,87.39,3217.66,0.85
R-42127,GRL|Veggie Chili Dog|AAD,GV GRILL FEATURE,Yellow,False,True,False,611.5404648271053,4.717081449334811,1.5223066354853172,69.63,3156.92,238.88,1.84,27.2,1233.17,0.59
R-69679,GRL|ZooStick|AAD,GV GRILL DAY,Yellow,False,True,False,244.9529852724473,2.350347761786307,0.5984798938640076,37.4,1286.5,178.47,1.71,27.25,937.34,0.44
R-50363,GZA|Bowl|Acorn Squash|AAD,GV GYAZA,Green,False,False,True,609.3418597235286,2.0698040937201876,0.9890449292433888,231.65,821.33,154.26,0.52,58.65,207.93,0.25
R-50359,GZA|Bowl|BC Tuna ,GV GYAZA,Green,False,False,True,968.9901427796636,8.43768974623699,1.2746436657522922,387.7,2229.77,243.46,2.12,97.41,560.24,0.32
R-49761,GZA|Bowl|Bibimbap Tofu|AAD,GV GYAZA,Green,False,False,True,869.0503296112064,3.6594755543232136,1.0986100948554118,249.22,1548.2,181.05,0.76,51.92,322.54,0.23
R-72103,GZA|Bowl|chilled crab bowl|AAD,GV GYAZA,Yellow,False,True,False,1867.940011302109,6.152044113142413,1.6897264454187002,310.52,4091.13,426.47,1.4,70.89,934.05,0.39
R-68822,GZA|Bowl|Corn togarashi|AAD,GV GYAZA,Green,False,False,True,653.7134534869801,1.9874568103555843,1.2897763516851168,231.99,778.26,188.49,0.57,66.89,224.4,0.37
R-64725,GZA|Bowl|Crispy Cauli temp|AAD,GV GYAZA,Green,False,False,True,729.6780546636338,3.5730417683855635,1.5481546928956682,267.15,2062.17,175.9,0.86,64.4,497.12,0.37
R-50362,GZA|Bowl|Karaage Chicken|AAD,GV GYAZA,Yellow,False,True,False,1144.669746964546,16.607117322275776,2.5081346380865326,281.39,1134.19,239.47,3.47,58.87,237.28,0.52
R-54342,GZA|Bowl|Kitsilano Tofu|AAD,GV GYAZA,Green,False,False,True,792.5949872674487,2.6116894637239554,1.693460067761567,236.46,989.45,182.21,0.6,54.36,227.46,0.39
R-50360,GZA|Bowl|Salmon shiso pnzu|AAD,GV GYAZA,Green,False,False,True,941.2599590018004,7.533212010585594,1.5796305184537744,308.0,1626.72,210.57,1.69,68.9,363.92,0.35
R-65512,GZA|Bowl|SP albacore Tuna|AAD,GV GYAZA,Green,False,False,True,1174.3251858503893,9.281880499090944,2.147534991335029,392.79,2330.4,225.4,1.78,75.39,447.29,0.41
R-50361,GZA|Bowl|Spicy Beef|AAD,GV GYAZA,Red,True,False,False,7567.206163636028,58.35335775933008,22.364643689333523,518.88,11328.88,1915.75,14.77,131.36,2868.07,5.66
R-71000,GZA|Bowl|Spicy Chicken|AAD,GV GYAZA,Yellow,False,True,False,995.0919546866088,14.844501795183822,2.0567761282585377,272.32,910.23,245.7,3.67,67.24,224.75,0.51
R-70668,GZA|Bowl|spicy ginger broccoli,GV GYAZA,Green,False,False,True,791.9673087871615,3.4737723195718826,1.519773108159857,242.87,1405.4,193.25,0.85,59.26,342.93,0.37
R-73366,GZA|Bowl|SpicyWaygu|AAD,GV GYAZA,Green,False,False,True,528.8223566046589,1.817495484454131,0.8306885954162387,235.62,1129.84,130.57,0.45,58.18,278.97,0.21
R-73615,GZA|Bowl|Wakame|AAD,GV GYAZA,Green,False,False,True,607.5352165737464,2.338796256484175,0.9981639123448768,248.62,1882.27,148.18,0.57,60.64,459.09,0.24
R-51249,GZA|Dashi+Dumps|AAD,GV GYAZA,Green,False,False,True,104.05756666666682,0.9805045238095256,0.0721129999999997,24.31,886.5,31.25,0.29,7.3,266.22,0.02
R-68982,GZA|ramen broth|Udon,SPECIALS,Green,False,False,True,29.7478828125,0.2099953125,0.0748260937499999,0.61,12.98,13.22,0.09,0.27,5.77,0.03
R-50508,GZA|Soup|Miso|AAD,GV GYAZA,Green,False,False,True,97.78483104311051,0.3537866162918797,0.2514797368253684,1.09,11.67,20.16,0.07,0.22,2.41,0.05
R-62715,HC|Lemon Olive Oil Salmon|AAD,GV FLEX GLOBAL BOWL,Yellow,False,True,False,1067.5580268559168,12.115314231578784,1.622735615495169,380.89,2082.7,266.89,3.03,95.22,520.67,0.41
R-73542,HC|Lemon Olive Oil Tofu|AAD,GV FLEX GLOBAL BOWL,Green,False,False,True,539.1866397825689,2.5602670275119683,1.0805569662576968,152.07,854.14,134.8,0.64,38.02,213.54,0.27
R-73594,HC|Makhani Prawn|AAD,GV FLEX GLOBAL BOWL,Red,True,False,False,4461.947697178081,15.938076869141078,2.1072826466990437,341.73,11896.2,989.35,3.53,75.77,2637.74,0.47
R-73535,HC|Paneer&Tofu TikkaMasala|AAD,GV FLEX GLOBAL BOWL,Yellow,False,True,False,1757.3922574982523,13.883714671698224,2.5307567279247256,351.07,10708.82,330.34,2.61,65.99,2012.94,0.48
R-68229,HC|Tofu Tikka Masala|AAD,GV FLEX GLOBAL BOWL,Green,False,False,True,1086.498507498252,5.68996467169822,1.9382567279247256,205.5,3168.44,204.23,1.07,38.63,595.57,0.36
R-73261,MED|BOWL|BeefLambGyro|AAD,GV - DELISH,Red,True,False,False,5477.6160179950575,32.11088596520912,17.3649616979196,238.05,3819.2,1278.32,7.49,55.55,891.3,4.05
R-73251,MED|BOWL|FalafelGyro|AAD,GV - DELISH,Yellow,False,True,False,465.4307279184212,3.345126849448183,1.6760786774796994,41.32,1940.56,201.05,1.44,17.85,838.25,0.72
R-73372,MED|BOWL|GrandpaJTofu|AAD,GV - DELISH,Green,False,False,True,683.0325950858751,3.644299071136653,1.7833318962197704,42.49,1723.88,207.92,1.11,12.93,524.77,0.54
R-73254,MED|BOWL|HarissaCauli|AAD,GV - DELISH,Yellow,False,True,False,487.8835924146851,3.1339522224606933,2.2081214218822023,59.73,3392.05,148.52,0.95,18.18,1032.59,0.67
R-73259,MED|BOWL|Lemon Chick Greek|AAD,GV - DELISH,Yellow,False,True,False,933.4186226741105,14.098615349568028,2.4895686244550648,76.71,1753.41,302.57,4.57,24.87,568.37,0.81
R-73301,MED|BOWL|PlantbasedPatty|AAD,GV - DELISH,Green,False,False,True,880.5510895048133,6.230643156387269,0.9992474122053108,185.94,3792.56,200.35,1.42,42.31,862.93,0.23
R-73300,MED|PlantbasedPattyGyro|AAD ,GV - DELISH,Red,True,False,False,5237.040295745997,30.097067313802786,16.95912151838355,106.68,1989.35,1430.89,8.22,29.15,543.54,4.63
R-73264,MED|PorkPineappleStacker|AAD,GV - DELISH,Red,True,False,False,1369.0207185320692,17.578726535140753,3.1061979765344465,252.85,7628.86,497.83,6.39,91.95,2774.13,1.13
R-73679,MED|salad|greek oregano|AAD,GV - DELISH,Yellow,False,True,False,528.8272632216093,2.9836864550287348,1.3992377582472448,33.63,1524.73,235.03,1.33,14.95,677.66,0.62
R-73205,MED|WayguGyro|AAD,GV - DELISH,Green,False,False,True,306.0214931205942,3.0122553435491364,0.6126345806736985,50.83,1827.35,115.48,1.14,19.18,689.57,0.23
R-45419,NDL|Dan Dan Noodle|TMRW|AAD,FT HOMESKILLET,Green,False,False,True,240.01989706453332,2.219170930482306,1.214158097660874,44.01,1355.39,82.77,0.77,15.18,467.38,0.42
R-73425,NDL|Garlic Shio Ramen|AAD,GV - FLEX ASIAN NOODLE,Green,False,False,True,350.42337436244225,4.151437350547253,0.957568420887843,61.53,1815.28,57.64,0.68,10.12,298.57,0.16
R-65671,NDL|Laksa Eggplant Noodle|AAD,GV - FLEX ASIAN NOODLE,Green,False,False,True,1118.950565755603,6.087572723016801,1.69068765352643,197.87,2124.3,127.88,0.7,22.61,242.78,0.19
R-43922,NDL|Laksa Tofu Noodle|AAD,GV - FLEX ASIAN NOODLE,Green,False,False,True,957.0663028211566,3.216063364592911,1.1389435544894126,172.85,1107.4,163.6,0.55,29.55,189.3,0.19
R-72264,NDL|Living Tree Ravioli|AAD,GV - FLEX ASIAN NOODLE,Yellow,False,True,False,707.772575,7.420700000000002,0.00952,146.85,6164.11,224.69,2.36,46.62,1956.86,0.0
R-41308,NDL|Miso Ramen|AAD,GV - FLEX ASIAN NOODLE,Green,False,False,True,246.33400067004493,1.9402092441984624,0.6540860058470479,27.28,806.41,41.22,0.32,4.56,134.94,0.11
R-44930,NDL|PHO Veg Noodle Soup|AAD,GV - FLEX ASIAN NOODLE,Green,False,False,True,427.9624608555269,2.413113027649097,0.8272595820778983,112.81,615.54,84.58,0.48,22.29,121.65,0.16
R-73442,NDL|Ramen|ADD egg,GV - FLEX ASIAN NOODLE,Yellow,False,True,False,153.71019903996094,2.4476609592116434,0.2749255344000216,23.58,666.01,307.42,4.9,47.16,1332.02,0.55
R-73656,NDL|SOUP|Spinach Gnocchi|AAD,GV - FLEX ASIAN NOODLE,Yellow,False,True,False,534.9598063601788,4.990697158694998,0.7390529328862805,63.52,3652.31,243.16,2.27,28.87,1660.14,0.34
R-50482,NDL|SOUP|Veg Wonton|AAD,GV - FLEX ASIAN NOODLE,Green,False,False,True,813.6132933316983,15.874567594182473,2.097934136491606,134.18,507.73,128.13,2.5,21.13,79.96,0.33
R-73447,NDL|Spicy Tan Tan ramen|AAD,GV - FLEX ASIAN NOODLE,Green,False,False,True,326.4633173180545,4.718356928817963,0.8986856426151687,44.49,1519.76,61.37,0.89,8.36,285.67,0.17
R-73302,NDL|Tan Tan Ramen Sesame|AAD,GV - FLEX ASIAN NOODLE,Green,False,False,True,336.5413064400254,3.1116709738042836,0.794488981380392,51.24,2024.94,64.23,0.59,9.78,386.44,0.15
R-73444,NDL|Waygu Ravioli|AAD,GV - FLEX BC,Yellow,False,True,False,892.260435115523,7.359851781699348,1.4704618740359372,180.54,10065.69,234.81,1.94,47.51,2648.87,0.39
R-54377,SAND|Avo BLT ,GATHER,Yellow,False,True,False,1358.1999329306996,16.126331779393887,3.1976662391565065,215.35,6660.76,335.52,3.98,53.2,1645.44,0.79
R-61012,SAND|Beef Dip|AAD,GV-SANDWICH,Red,True,False,False,4797.7816263221075,38.55553432407088,14.363857725313098,230.93,8459.03,1859.61,14.94,89.51,3278.69,5.57
R-73648,SAND|BLT ,GATHER,Red,True,False,False,1346.6695305882351,16.074031764705886,3.1850262352941057,215.5,6673.01,364.16,4.35,58.27,1804.49,0.86
R-61739,SAND|chicken Crunch,GV-SANDWICH,Yellow,False,True,False,670.4249622622738,11.824266098996272,2.006850445638539,73.82,1372.47,252.99,4.46,27.86,517.91,0.76
R-68083,SAND|Chicken Salad,GATHER,Yellow,False,True,False,525.7224374658877,8.800219943859181,1.7122113536657793,55.42,978.62,292.07,4.89,30.79,543.68,0.95
R-68078,SAND|Chickpea Salad,GATHER,Green,False,False,True,356.3730859744295,1.0882481858712296,2.318861786364448,3.44,123.56,148.49,0.45,1.43,51.48,0.97
R-61852,SAND|Clubhouse,GATHER,Red,True,False,False,1140.2799831840478,14.865601528029895,2.8784842123254126,149.23,4621.57,477.1,6.22,62.44,1933.71,1.2
R-71946,SAND|Egg Salad,GATHER,Green,False,False,True,287.86866804557667,2.4810440877588844,0.830699181579396,25.62,912.83,113.74,0.98,10.12,360.66,0.33
R-68079,SAND|Falafel,OK - SANDWICH KITCHEN,Yellow,False,True,False,259.83482375476314,1.3936471134363602,1.093839072551034,40.57,2297.21,145.57,0.78,22.73,1286.95,0.61
R-70711,Sand|Pesto Provolone Tom|AAD,GV-SANDWICH,Yellow,False,True,False,593.6091233333335,4.7007133333333355,1.4180136666666634,71.26,3431.64,192.73,1.53,23.14,1114.17,0.46
R-50504,SAND|Philly Cheesesteak,GATHER,Red,True,False,False,4634.275400539312,37.75247876479807,13.801966003074476,253.01,9683.1,1623.21,13.22,88.62,3391.63,4.83
R-71990,SAND|Portobello|AAD,SANDWICHES,Green,False,False,True,228.8483233926207,1.7406985480441743,0.7786097613428202,28.3,930.08,130.77,0.99,16.17,531.47,0.44
R-60982,SAND|Prawn po-boy|AAD,GV GRILL FEATURE,Red,True,False,False,1786.729226232518,6.432979864615975,1.4307881495639083,109.77,4296.7,776.84,2.8,47.73,1868.13,0.62
R-68405,SAND|Pulled Pork Sandwich|AAD,GV-SANDWICH,Red,True,False,False,980.6484436552574,11.830760493528548,2.2285091315120513,178.7,5463.69,478.37,5.77,87.17,2665.21,1.09
R-43885,SAND|Roast Beef Full Build,GV-SANDWICH,Red,True,False,False,6172.726617093887,52.01284069582656,19.04392661089354,600.16,19708.94,1870.52,15.76,181.87,5972.41,5.77
R-47390,SAND|Sand|Meatball Sub|AAD,GV-SANDWICH,Red,True,False,False,6827.298823214288,40.62600530612247,22.43520593367347,181.07,5063.85,1987.57,11.83,52.71,1474.19,6.53
R-56491,SAND|Sandwich|Bahn Mi,GATHER,Yellow,False,True,False,775.7707053811636,16.555269689604803,1.9339101507407075,86.35,1250.69,301.27,6.43,33.53,485.7,0.75
R-56924,SAND|Shrimp remoulade|salad,GV-SANDWICH,Yellow,False,True,False,1110.637807815293,3.952704321907916,0.9046768952291072,61.62,2512.01,622.64,2.22,34.55,1408.27,0.51
R-68075,SAND|Tofu Bahn Mi,GATHER,Green,False,False,True,540.7106545180927,3.1142942110456024,1.493778731061777,50.0,1539.49,183.29,1.06,16.95,521.86,0.51
R-61854,SAND|Turkey Pear & Brie,GATHER,Yellow,False,True,False,1171.2921717078698,12.808895736303237,2.5935500460515413,158.77,6370.68,278.88,3.05,37.8,1516.83,0.62
R-28374,SAND|Vegetable Full Build,GV-SANDWICH,Red,True,False,False,1645.2307796739965,16.282083499083424,5.152673184675424,417.21,12997.75,685.51,6.78,173.84,5415.73,2.15
R-61321,SANDWICH|Grilled Veg,OK - SANDWICH KITCHEN EVENTS,Yellow,False,True,False,450.26695010317457,3.91318741553288,1.0323813437641625,79.96,3252.74,187.61,1.63,33.32,1355.31,0.43
R-68076,SANDWICH|Ham & Cheese,OK - SANDWICH KITCHEN,Yellow,False,True,False,794.1062958376925,7.885167941376636,1.4575094105671391,126.5,5166.24,264.7,2.63,42.17,1722.08,0.49
R-14201,SB|Cereal Hot|Oatmeal,GV - GRAB & GO,Green,False,False,True,72.7957249323796,0.2134818365962386,0.2194909549596883,21.39,773.67,26.47,0.08,7.78,281.33,0.08
R-71919,SB|congee|RATIO|AAD,GATHER,Green,False,False,True,120.70738490632816,1.1756554427836643,0.2913914655910123,23.5,187.86,120.71,1.18,23.5,187.86,0.29
R-71917,SIDE BAR|RATIO|AAD ,FOOD,Green,False,False,True,207.7016995197789,2.359111316464652,0.5591623963351657,20.05,781.1,69.23,0.79,6.68,260.37,0.19
R-72779,SL|Bacalhau cod |AAD,GV SIMPLY LOCAL,Yellow,False,True,False,932.5990676637504,11.525569921947438,0.9652796225507368,228.21,3066.74,242.61,3.0,59.37,797.8,0.25
R-57257,SL|Bacon Pork Loin|AAD|100g,GV SIMPLY LOCAL,Red,True,False,False,1513.5881086081683,19.7810588016273,3.2285596200908695,280.25,8050.01,864.91,11.3,160.14,4600.01,1.84
R-72805,SL|Beef Bourguignon|AAD,GV SIMPLY LOCAL,Red,True,False,False,9696.56292616048,79.11587807010615,28.721671105762717,403.23,14738.44,1342.27,10.95,55.82,2040.2,3.98
R-49123,SL|Beef Brisket|AAD|,GV SIMPLY LOCAL,Red,True,False,False,5869.354447163409,47.520053116691045,17.05899830625448,246.63,9049.01,1507.28,12.2,63.34,2323.83,4.38
R-71915,SL|Beef Caldereta|AAD,GV SIMPLY LOCAL,Red,True,False,False,10121.86692991276,81.14586431510692,30.078781703919656,459.04,18238.25,1708.62,13.7,77.49,3078.71,5.08
R-72339,SL|beef coconut stew|AAD,SPECIALS,Red,True,False,False,4833.75703212585,38.34172457312925,14.851634543877552,194.78,7121.67,1757.73,13.94,70.83,2589.7,5.4
R-62209,SL|Beef flat roast| 125g|AAD,GV SIMPLY LOCAL,Red,True,False,False,7732.7559022928435,61.07005846491658,22.879019547104473,321.86,11937.52,1861.52,14.7,77.48,2873.74,5.51
R-72331,SL|Beef Kare-Kare|AAD,GV SIMPLY LOCAL,Red,True,False,False,3813.882449020152,31.14779125801141,10.754942618603623,182.15,7222.98,1040.91,8.5,49.71,1971.34,2.94
R-71994,SL|Beef nilaga|AAD|140g,GV SIMPLY LOCAL,Red,True,False,False,7147.144252300771,57.92430395948867,20.941108415745735,297.68,10890.64,1684.06,13.65,70.14,2566.13,4.93
R-72807,SL|Beef Stew|AAD,SPECIALS,Red,True,False,False,9407562.52548647,75830.52270296306,28622.471297587337,385252.31,14078323.14,1959.9,15.8,80.26,2932.97,5.96
R-65673,SL|Big Veg Beet roast|320g|AAD,GV SIMPLY LOCAL,Green,False,False,True,826.277526935005,7.730109522877294,1.4833303088434908,31.26,989.32,135.59,1.27,5.13,162.34,0.24
R-45101,SL|Big Veg Eggplant|320g|AAD,GV SIMPLY LOCAL,Green,False,False,True,405.70345437447463,4.354978664318999,1.18639874129938,45.12,1615.92,109.65,1.18,12.19,436.74,0.32
R-66195,SL|Big Veg Zucchini|320g|AAD,GV SIMPLY LOCAL,Green,False,False,True,299.54659249417546,3.323191466097961,0.8938422665969041,34.11,1232.57,80.96,0.9,9.22,333.13,0.24
R-62195,SL|Big veg|Brussels|Plate|AAD,GV SIMPLY LOCAL,Green,False,False,True,1081.7434941725487,7.420467771088672,2.973962084652186,51.85,2138.75,177.51,1.22,8.51,350.96,0.49
R-71909,SL|BlueBalsamic|Chkn Thigh|AAD,GV SIMPLY LOCAL,Red,True,False,False,1739.857890794356,35.230805919175125,3.934805302633874,137.38,1432.31,424.98,8.61,33.56,349.86,0.96
R-72764,SL|Brazilian Chick Thigh|AAD,GV SIMPLY LOCAL,Red,True,False,False,810.4379158239913,20.84121571735409,2.13681008610097,66.11,62.13,551.32,14.18,44.97,42.27,1.45
R-55304,SL|chicken adobo thigh|AAD,GV SIMPLY LOCAL,Yellow,False,True,False,963.4119465404242,20.738585456885698,1.8020126346079488,75.34,766.84,247.41,5.33,19.35,196.93,0.46
R-57253,SL|Chicken cacciatore|AAD|140g,GV SIMPLY LOCAL,Red,True,False,False,523.3024383162772,12.859056905925838,1.235963299375456,46.11,464.7,373.79,9.19,32.94,331.93,0.88
R-71993,SL|chicken chop suey|AAD|140g,GV SIMPLY LOCAL,Yellow,False,True,False,1170.0435855011117,26.225793948948635,2.373812108850188,93.28,787.21,308.39,6.91,24.59,207.49,0.63
R-70985,SL|chicken manchurian|AAD,GV SIMPLY LOCAL,Green,False,False,True,764.0988633349203,14.611509172359076,1.1690615670305389,57.76,838.86,194.72,3.72,14.72,213.78,0.3
R-72340,SL|chicken red thai|AAD|140g,GV SIMPLY LOCAL,Yellow,False,True,False,993.4478589360928,21.23127555782852,1.9001771839490031,78.32,802.28,242.66,5.19,19.13,195.96,0.46
R-72776,SL|Chicken Thigh BBQ|AAD,GV SIMPLY LOCAL,Green,False,False,True,457.89330250860087,3.073145321577965,0.2706555878785714,19.99,717.2,120.69,0.81,5.27,189.04,0.07
R-72771,SL|chicken thigh huli-huli|AAD,GV SIMPLY LOCAL,Yellow,False,True,False,989.8294088111012,21.62900876236368,1.845063,78.99,770.62,260.89,5.7,20.82,203.12,0.49
R-72698,SL|Chicken Tinola|AAD,GV SIMPLY LOCAL,Red,True,False,False,621.2944119824465,16.054378341619262,1.642513062899019,50.92,94.22,477.92,12.35,39.17,72.48,1.26
R-57250,SL|chimichuri thigh|160g|AAD,GV SIMPLY LOCAL,Yellow,False,True,False,1365.0992044616862,25.968118919426253,3.354085956019339,94.08,849.67,303.76,5.78,20.93,189.07,0.75
R-62227,SL|Chix breast tom/basil|AAD,GV SIMPLY LOCAL,Red,True,False,False,992.251487734694,24.55681243367347,2.3520043102040815,85.71,738.23,493.66,12.22,42.64,367.28,1.17
R-72717,SL|Chix Thigh Inasal|AAD,GV SIMPLY LOCAL,Red,True,False,False,1313.725059774429,32.34447729428658,3.627712071424683,103.11,132.71,706.3,17.39,55.44,71.35,1.95
R-47110,SL|Chix Thigh Lemongrass|AAD,GV SIMPLY LOCAL,Red,True,False,False,1570.8841110855296,35.24726730665025,3.550162071424683,123.06,854.04,376.35,8.44,29.48,204.61,0.85
R-72714,SL|chkn thigh gulai ayam|AAD,GV SIMPLY LOCAL,Red,True,False,False,1336.6127275039696,32.447863218315455,3.470700532839214,102.51,107.21,607.55,14.75,46.6,48.73,1.58
R-72712,SL|chkn thigh TAM|160g|AAD,GV SIMPLY LOCAL,Red,True,False,False,1285.1865025039697,32.454763218315456,3.467278032839214,102.41,104.5,642.59,16.23,51.2,52.25,1.73
R-72334,SL|chkn thighCajun|100g|AAD,GV SIMPLY LOCAL,Yellow,False,True,False,1126.9829828706315,23.320103378767435,2.341983415578438,83.88,785.34,305.08,6.31,22.71,212.6,0.63
R-71908,SL|Coconut braisePork|AAD|100g,GV SIMPLY LOCAL,Yellow,False,True,False,1299.139528811101,9.63495876236368,1.120724999999995,111.37,3453.76,382.78,2.84,32.81,1017.61,0.33
R-71916,SL|Cod gremolata|85g|AAD,GV SIMPLY LOCAL,Red,True,False,False,1068.3431234151387,14.396414225134295,1.6527600351094671,321.62,1770.13,454.61,6.13,136.86,753.25,0.7
R-72767,SL|CozidoDeFrango ChickStew|SL,GV SIMPLY LOCAL,Yellow,False,True,False,797.1471040152385,15.483043024483864,1.3666877830848214,62.68,956.69,207.92,4.04,16.35,249.53,0.36
R-57256,SL|Ctrs thym chkn breast|AAD,GV SIMPLY LOCAL,Red,True,False,False,985.2529463104764,22.047992948894557,2.672952887753401,74.73,461.51,492.63,11.02,37.36,230.76,1.34
R-71911,SL|Curry chicken wings|Plate,GV SIMPLY LOCAL,Red,True,False,False,778.2201987535368,19.38277670883489,2.099600593916053,62.47,121.09,457.78,11.4,36.75,71.23,1.24
R-62159,SL|Ginger pork loin|125g|AAD,GV SIMPLY LOCAL,Red,True,False,False,1666.193523692841,22.22138453711386,3.604768802866473,301.97,9046.46,1281.69,17.09,232.28,6958.82,2.77
R-64773,SL|Halibut|Feature plate|AAD,GV SIMPLY LOCAL,Red,True,False,False,647.9517521181485,9.036224645615214,0.9032260667589912,201.18,1112.01,516.3,7.2,160.3,886.06,0.72
R-72711,SL|Herb RST Chicken Thigh|AAD,GV SIMPLY LOCAL,Yellow,False,True,False,1415.2540609856585,29.206295651880215,3.154882028766214,110.37,1187.07,308.74,6.37,24.08,258.96,0.69
R-71906,SL|Herb'd Cod|Plate|AAD,GV SIMPLY LOCAL,Yellow,False,True,False,953.5417541019294,9.434357085277895,1.460300081105269,158.51,1613.8,265.31,2.63,44.1,449.03,0.41
R-62215,SL|Herb'd Pork Loin|Plate|AAD,GV SIMPLY LOCAL,Red,True,False,False,2782.3691645079552,32.61019879076928,5.8265055271200605,420.38,12783.37,671.42,7.87,101.44,3084.79,1.41
R-44903,SL|Herbed chicken breast|AAD,GV SIMPLY LOCAL,Red,True,False,False,809.9202102564104,21.46559487179487,2.1180389743589747,68.43,80.59,529.36,14.03,44.73,52.67,1.38
R-72724,SL|Inihaw Na BaboyPorkChop|AAD,GV SIMPLY LOCAL,Red,True,False,False,2438.8156701090784,31.667329594064412,4.674241715890371,409.06,12392.11,488.35,6.34,81.91,2481.4,0.94
R-72816,SL|Jerk Chicken or Pork|AAD,GV SIMPLY LOCAL,Red,True,False,False,2382.47729369999,35.4099859845859,4.679306666666653,304.65,7819.99,644.96,9.59,82.47,2116.94,1.27
R-51176,SL|Lamb Roast Plate|AAD,GV SIMPLY LOCAL,Red,True,False,False,9634.57530452775,53.81644244612568,33.34188915856002,124.79,986.07,2141.02,11.96,27.73,219.13,7.41
R-71912,SL|Lemon herb Cod|Plate|AAD,GV SIMPLY LOCAL,Yellow,False,True,False,959.4547541019294,9.474857085277897,1.4666000811052693,159.07,1633.98,259.38,2.56,43.0,441.74,0.4
R-62207,SL|Lemon tym Chicken Thigh|AAD,GV SIMPLY LOCAL,Red,True,False,False,1563.9234754097406,35.17335921587842,3.518068049886621,122.27,825.33,378.31,8.51,29.58,199.64,0.85
R-58436,SL|Olive dressed Chicken|AAD,GV SIMPLY LOCAL,Red,True,False,False,1324.9518625840026,32.42848976139247,3.636535450595252,105.69,183.51,803.0,19.65,64.05,111.22,2.2
R-71995,SL|Panang Curry|AAD,GV SIMPLY LOCAL,Yellow,False,True,False,459.89492112419254,11.77535248292872,1.1884948347524311,40.63,268.7,296.71,7.6,26.21,173.35,0.77
R-71913,SL|Peri-Peri Chicken Thigh|AAD,GV SIMPLY LOCAL,Yellow,False,True,False,1519.0998316330706,24.2294569090087,3.5270353747294374,87.28,801.16,362.21,5.78,20.81,191.03,0.84
R-72716,SL|Pork Babi Chin|AAD,GV SIMPLY LOCAL,Red,True,False,False,1840.7157728555455,23.862021557284308,3.3788447151745875,303.87,9244.27,485.16,6.29,80.09,2436.55,0.89
R-62297,SL|Pork Chop Herb'd|Plate|AAD,GV SIMPLY LOCAL,Red,True,False,False,2189.048716007242,25.678055746354516,4.439502362702036,326.69,9961.29,383.33,4.5,57.21,1744.33,0.78
R-72336,SL|Pork Chop huli-huli|AAD,GV SIMPLY LOCAL,Red,True,False,False,1543.7787865034088,20.094854916209833,2.7181892307692177,253.61,7724.47,429.54,5.59,70.56,2149.27,0.76
R-62220,SL|pork chop|green peppercorn,GV SIMPLY LOCAL,Red,True,False,False,2042.883030945814,25.339203072818453,3.9490615145763495,323.64,9842.24,370.71,4.6,58.73,1786.03,0.72
R-71914,SL|Pork Chop|Mole|AAD,GV SIMPLY LOCAL,Red,True,False,False,1675.328579047619,22.175924829931976,3.646661564625834,303.46,9153.89,628.25,8.32,113.8,3432.71,1.37
R-72803,SL|Pork Coconut Stew|AAD,GV SIMPLY LOCAL,Red,True,False,False,1793.6181122279029,23.441686617235845,4.021043232900692,315.27,9459.56,645.19,8.43,113.41,3402.72,1.45
R-72791,SL|Pork Feijoada|AAD,GV SIMPLY LOCAL,Red,True,False,False,7175.97243830602,100.9332950972254,16.115414790380314,1196.57,34691.09,1942.6,27.32,323.92,9391.2,4.36
R-72713,SL|Pork poblano |AAD,GV SIMPLY LOCAL,Red,True,False,False,620.9469589364372,9.729499111397065,1.3850711728896534,101.33,2842.14,443.53,6.95,72.38,2030.1,0.99
R-42358,SL|Pork|TikaMasala|AAD,GV SIMPLY LOCAL,Yellow,False,True,False,1127.9393630009722,13.033246856618696,1.9303165426886424,163.99,5359.6,297.3,3.44,43.22,1412.65,0.51
R-72737,SL|Rendang Beef|AAD,SPECIALS,Red,True,False,False,4100.848520592527,32.62375936246042,12.454213109421612,166.04,6062.97,2929.18,23.3,118.6,4330.69,8.9
R-62233,SL|Rosemary Chicken|AAD,GV SIMPLY LOCAL,Yellow,False,True,False,1218.2046531700753,26.170161372253784,2.5866606684981677,95.16,888.16,321.09,6.9,25.08,234.1,0.68
R-62238,SL|Salmon Cajun|100g|AAD,GV SIMPLY LOCAL,Red,True,False,False,776.3910200283889,9.483247445658217,1.325105631083797,209.23,1196.84,739.42,9.03,199.27,1139.85,1.26
R-62072,SL|Salmon ginger|AAD,GV SIMPLY LOCAL,Yellow,False,True,False,1456.0196533412854,14.529238844774657,2.6726796525125502,372.25,5786.66,277.34,2.77,70.9,1102.22,0.51
R-62235,SL|Salmon spicy basil|100g|AAD,GV SIMPLY LOCAL,Yellow,False,True,False,1126.6915857628455,13.193014342155744,1.0561276438053957,249.69,1960.8,309.19,3.62,68.52,538.09,0.29
R-72735,SL|Satay Pork Chop|AAD,GV SIMPLY LOCAL,Red,True,False,False,2114.630059644434,25.24775102426844,3.871676773809508,403.06,15788.1,516.52,6.17,98.45,3856.4,0.95
R-62302,SL|Sauce|RATIO|NEW,GV SIMPLY LOCAL,Yellow,False,True,False,145.1928345350119,0.4331396109921963,0.4801169659000621,8.82,453.16,290.39,0.87,17.64,906.32,0.96
R-49182,SL|Shepherd Pie|AAD,GV SIMPLY LOCAL,Red,True,False,False,2469.376242943903,20.415213672582027,6.769218489834404,106.48,3881.06,504.57,4.17,21.76,793.02,1.38
R-57246,SL|side Vegetable| Ratio,FOOD,Green,False,False,True,281.546418103682,3.1838001806005765,0.0,19.21,699.03,127.4,1.44,8.69,316.3,0.0
R-57243,SL|Side|beans and pesto,FOOD,Green,False,False,True,206.2091890627308,1.0982863578638928,1.0457839293083655,11.71,570.13,103.1,0.55,5.86,285.06,0.52
R-37868,SL|Side|Beans Romano ,GV SIMPLY LOCAL,Green,False,False,True,189.82706816461223,0.9703587184530612,1.1974673515518366,4.4,262.9,105.46,0.54,2.44,146.06,0.67
R-44814,SL|Side|Potato baked,GV SIMPLY LOCAL,Green,False,False,True,84.56092220395158,1.0649990202009014,0.1107598981008937,0.55,16.68,39.7,0.5,0.26,7.83,0.05
R-36874,SL|Side|Potato Rosemary Roast,GV SIMPLY LOCAL,Green,False,False,True,129.39247363987442,1.4465768784301412,0.2270237381350078,1.63,55.19,71.88,0.8,0.91,30.66,0.13
R-47746,SL|Side|Potato Smash Olive Oil,GV SIMPLY LOCAL,Green,False,False,True,109.68524460822856,0.9088942499265308,0.2614512592359183,0.51,14.44,60.94,0.5,0.28,8.02,0.15
R-46330,SL|Side|Quinoa,GV SIMPLY LOCAL,Yellow,False,True,False,326.00350027777773,1.3273086049065448,1.0010523444444444,149.58,2333.81,191.66,0.78,87.94,1372.05,0.59
R-36854,SL|Side|Rice Brown,GV SIMPLY LOCAL,Green,False,False,True,142.75778997069804,0.6941422080585151,0.377311199221938,51.42,276.43,142.76,0.69,51.42,276.43,0.38
R-52652,SL|Side|Roasted Potato,GV SIMPLY LOCAL,Green,False,False,True,129.39247363987442,1.4465768784301412,0.2270237381350078,1.63,55.19,71.88,0.8,0.91,30.66,0.13
R-36853,SL|Side|SorghumRoasted,GV SIMPLY LOCAL,Green,False,False,True,128.06119965156796,0.4523261572921851,0.3938798407167745,50.8,788.99,69.98,0.25,27.76,431.14,0.22
R-62303,SL|SIDEs x1|RATIO,GV SIMPLY LOCAL,Green,False,False,True,137.74747843144274,1.2582114271439109,0.0,9.63,376.37,130.25,1.19,9.11,355.87,0.0
R-44810,SL|SideYam Roasted Sage,GV SIMPLY LOCAL,Green,False,False,True,121.8345835295426,2.107820874993497,0.1723792286400431,3.24,13.2,101.53,1.76,2.7,11.0,0.14
R-72693,SL|Singigang Na Baboy|AAD,GV SIMPLY LOCAL,Yellow,False,True,False,916.034857777491,11.246877244663343,1.3332371651177577,133.43,4238.82,260.59,3.2,37.96,1205.85,0.38
R-71992,SL|Sinigang Pork||AAD,GV SIMPLY LOCAL,Red,True,False,False,622.053448204125,9.10630498408666,1.311028856711967,106.19,3134.47,485.98,7.11,82.96,2448.8,1.02
R-62216,SL|Squash bowl|AAD,GV SIMPLY LOCAL,Green,False,False,True,568.3962858069698,7.195862495373159,0.7570030157381082,61.95,2242.39,96.44,1.22,10.51,380.45,0.13
R-57242,SL|Starches blend|Beans legume,FOOD,Green,False,False,True,198.0181286136715,1.034322538158477,0.0,8.05,416.52,104.22,0.54,4.24,219.22,0.0
R-57240,SL|Starches Blend|Potatoes,FOOD - HOT,Green,False,False,True,114.97313952429433,1.3949735803962424,0.0,1.51,30.94,65.85,0.8,0.86,17.72,0.0
R-57241,SL|Starches blend|Rice & grain,FOOD,Green,False,False,True,213.1167560297039,0.8990455566444611,0.0,90.56,1201.9,147.34,0.62,62.61,830.97,0.0
R-57244,SL|Starches|RATIO|NEW,GV SIMPLY LOCAL,Green,False,False,True,173.61564797533103,1.0983527528157295,0.0,33.04,544.29,103.31,0.65,19.66,323.89,0.0
R-62105,SL|Turkey dinner|140g|AAD,GV SIMPLY LOCAL,Yellow,False,True,False,1375.4196097464026,27.03716952306663,2.420687386408102,126.34,1368.83,230.22,4.53,21.15,229.11,0.41
R-57248,SL|Veg blend|SL,FOOD,Green,False,False,True,312.3950684458275,3.2946931960230943,1.0988177960554422,22.23,814.21,135.82,1.43,9.67,354.0,0.48
R-57247,SL|Veg blend|UBC,FOOD,Green,False,False,True,209.5662339720093,2.9250498112813688,0.4919611141899946,12.14,430.26,104.78,1.46,6.07,215.13,0.25
R-62144,SL|Vegetable lasagne|220g|aad,GV SIMPLY LOCAL,Green,False,False,True,247.77596186774127,3.2115679468974685,0.4082152775307537,22.48,1065.59,91.09,1.18,8.26,391.76,0.15
R-62193,SL|vegetables x2|RATIO|NEW,GV SIMPLY LOCAL,Green,False,False,True,271.7722788111009,2.928958762363679,0.91994538300372,19.66,714.34,113.52,1.22,8.21,298.39,0.38
R-62240,SL|Yam Stuffed Chicken|AAD,GV SIMPLY LOCAL,Red,True,False,False,958.2916865912636,21.573021109839672,2.7174989154639744,68.76,82.63,467.46,10.52,33.54,40.31,1.33
R-73934,GZA|Bowl|Kimchi sauce Tofu|AAD,GV GYAZA,Green,False,False,True,860.8685519047776,2.8891949511975565,1.0032691057194327,240.61,1190.41,219.05,0.74,61.22,302.9,0.26
R-49596,FF|Pasta|Primavera|AAD,GV FRESH FARE DAY,Red,True,False,False,1009.6303636862124,9.60829963372977,2.9911233242970576,239.14,7632.74,301.38,2.87,71.39,2278.43,0.89
R-62001,FLX|Benny|Classic|AAD,GV FLEX GLOBAL BOWL,Yellow,False,True,False,806.7106721717671,9.29694033808807,1.3284900984591157,120.04,3844.95,343.28,3.96,51.08,1636.15,0.57
R-62409,GRL|Benny classic|X1,SPECIALS,Yellow,False,True,False,403.3553360858835,4.648470169044035,0.0,60.02,1922.47,343.28,3.96,51.08,1636.14,0.0
R-71962,GRL|Burger|Planetary|Greek|AAD,GV GRILL DAY,Red,True,False,False,4146.801631956645,33.87879075429207,12.192860750069707,229.08,8697.16,1535.85,12.55,84.84,3221.17,4.52
R-62514,GRL|GrilledCheese|tom&goat|AAD,GV GRILL DAY,Red,True,False,False,781.9281374655286,7.890830311505076,1.1177127935248123,131.77,6280.81,495.75,5.0,83.54,3982.07,0.71
R-65756,GRL|Salad|Gather Greenery|SIDE,GV - SIDES,Green,False,False,True,144.2601446237365,1.0589426287201125,0.4589925210160661,10.71,359.11,93.07,0.68,6.91,231.68,0.3
R-73169,SL|BBQ Chicken Thigh|AAD,GV SIMPLY LOCAL,Yellow,False,True,False,1132.036093001923,21.14278339499701,1.746168261471811,106.93,1308.07,210.63,3.93,19.9,243.39,0.32
R-72778,SL|BBQ Porkchop|AAD,GV SIMPLY LOCAL,Red,True,False,False,2268.2353621285747,27.97250767495492,3.860930167965288,378.65,11023.13,399.73,4.93,66.73,1942.58,0.68
R-72819,SL|Lemon Pepper Chichen|AAD,GV SIMPLY LOCAL,Yellow,False,True,False,1123.4389553578606,21.381940086607976,1.8276514285714287,107.72,1308.28,209.03,3.98,20.04,243.42,0.34
R-70824,DEL|Strawberry Salad|AAD*,GV - DELISH,Yellow,False,True,False,277.7807389708161,1.1355796820335682,0.5529903843939595,63.79,3653.9,161.5,0.66,37.09,2124.36,0.32
R-46347,FF|Pasta|Avocado Spin old,GV FRESH FARE DAY,Yellow,False,True,False,585.5154959948112,5.3283970798995695,1.48399222049099,116.78,4214.34,164.93,1.5,32.9,1187.14,0.42
R-73668,FF|Toast|ChiliCrunCAvocado|AAD,GV FRESH FARE BREAKFAST,Green,False,False,True,152.78755930099953,0.4826769557049256,0.4499847947940499,13.65,840.88,101.6,0.32,9.08,559.19,0.3
R-72436,MED|ChickenShawarma|AAD,GV - DELISH,Yellow,False,True,False,752.0582079152015,14.198825414192523,1.7866275543420715,87.94,1964.85,263.88,4.98,30.86,689.42,0.63
R-72781,SL|Lemon pepper Cod|AAD,GV SIMPLY LOCAL,Yellow,False,True,False,835.8413981667159,7.811609750058128,1.5010445255497138,149.06,1296.25,352.29,3.29,62.83,546.34,0.63
R-45376,SL|Maple Cedar Salmon|AAD,GV SIMPLY LOCAL,Yellow,False,True,False,691.6662841457319,8.534498807713645,0.9651644499408156,192.14,1032.42,461.08,5.69,128.08,688.23,0.64
P-44753,COOKED|Veg|Ginger Garlic Broc,,Green,False,False,True,826.1103577922079,11.60524025974026,3.050552987012987,75.48,3482.91,82.61,1.16,7.55,348.29,0.31
P-55167,HS|Pasta Bar Protien|BV Test,,Red,True,False,False,1054.9005634920636,17.496015873015878,2.399934920634913,159.42,4090.1,879.08,14.58,132.85,3408.42,2.0
P-64422,MED|Chickpea greek salad,,Yellow,False,True,False,39817.85871112377,273.16558117777765,175.33242178810238,2286.4,114956.92,199.09,1.37,11.43,574.78,0.88
P-46824,MIX|Pasta Bar Vegetables,,Green,False,False,True,43.78242,0.47484,0.137886,4.88,176.43,24.32,0.26,2.71,98.02,0.08
P-73341,PREP|Dip|Tzatziki|MED*,PREP,Yellow,False,True,False,12847.82283584416,112.27767323191094,11.734179648237472,1127.12,54903.53,305.9,2.67,26.84,1307.23,0.28
P-72728,PREP|Lemongrass Pork Chop|SL,,Red,True,False,False,1385712.1,18655.025,2962.370999999986,253705.81,7603131.92,1065.93,14.35,195.16,5848.56,2.28
P-32244,SAUCE|Chipotle Mayo|GRL,PREP,Yellow,False,True,False,3107.182,0.612,15.102200000000002,5.77,173.35,310.72,0.06,0.58,17.34,1.51
P-73472,PREP|SALAD|Tomato CucMint|MED,,Green,False,False,True,3146.0482409790197,38.53856097879152,6.918891622121761,366.48,16565.1,52.43,0.64,6.11,276.08,0.12
P-73266,SALAD|QuinoaTabbouleh|MED*,PREP,Green,False,False,True,2888.5438706576892,17.897109433153805,8.409704634822598,453.94,11150.68,103.16,0.64,16.21,398.24,0.3
P-44917,PREP|Dip|FetaDill Yogurt|MED,PREP,Yellow,False,True,False,8244.955607142856,75.97872448979592,7.30110969387755,919.8,46305.37,374.77,3.45,41.81,2104.79,0.33
P-73342,PREP|Dip|MintYogurt|MED,PREP,Yellow,False,True,False,7098.263023809524,59.14079115646259,7.9818480272108845,586.46,28187.57,295.76,2.46,24.44,1174.48,0.33
P-73340,PREP|Dip|SpicyYogurt|MED,PREP,Yellow,False,True,False,6945.682437142857,56.32594248979592,7.83199229387755,540.3,26595.85,277.83,2.25,21.61,1063.83,0.31
P-73248,PREP|Salad|3Bean|MED,,Red,True,False,False,34566.43702181723,143.61436493852574,249.36144011606777,260.25,9365.84,576.11,2.39,4.34,156.1,4.16
I-71938,FRIES 3/8IN*CRINKLE,PRODUCE,Green,False,False,True,0.90038012,11.3398,0.0011793391999999,0.01,0.18,0.04,0.5,0.0,0.01,0.0
